-2.000000,-2.000000,2.000000=-2.000000,2.000000,2.000000=-2.000000,2.000000,-2.000000=-2.000000,-2.000000,-2.000000=|-2.000000,-2.000000,-2.000000=-2.000000,2.000000,-2.000000=2.000000,2.000000,-2.000000=2.000000,-2.000000,-2.000000=|2.000000,-2.000000,-2.000000=2.000000,2.000000,-2.000000=2.000000,2.000000,2.000000=2.000000,-2.000000,2.000000=|2.000000,-2.000000,2.000000=2.000000,2.000000,2.000000=-2.000000,2.000000,2.000000=-2.000000,-2.000000,2.000000=|-2.000000,-2.000000,-2.000000=2.000000,-2.000000,-2.000000=2.000000,-2.000000,2.000000=-2.000000,-2.000000,2.000000=|2.000000,2.000000,-2.000000=-2.000000,2.000000,-2.000000=-2.000000,2.000000,2.000000=2.000000,2.000000,2.000000=|
-2.251328,-2.316912,1.250376=-2.371943,1.622319,1.934416=-1.687903,2.316912,-1.944969=-1.567288,-1.622319,-2.629009=|-1.567288,-1.622319,-2.629009=-1.687903,2.316912,-1.944969=2.251328,2.316912,-1.250376=2.371943,-1.622319,-1.934416=|2.371943,-1.622319,-1.934416=2.251328,2.316912,-1.250376=1.567288,1.622319,2.629009=1.687903,-2.316912,1.944969=|1.687903,-2.316912,1.944969=1.567288,1.622319,2.629009=-2.371943,1.622319,1.934416=-2.251328,-2.316912,1.250376=|-1.567288,-1.622319,-2.629009=2.371943,-1.622319,-1.934416=1.687903,-2.316912,1.944969=-2.251328,-2.316912,1.250376=|2.251328,2.316912,-1.250376=-1.687903,2.316912,-1.944969=-2.371943,1.622319,1.934416=1.567288,1.622319,2.629009=|
-2.361089,-2.498838,0.425518=-2.715631,1.261764,1.741636=-1.399514,2.619453,-1.783207=-1.044971,-1.141150,-3.099324=|-1.044971,-1.141150,-3.099324=-1.399514,2.619453,-1.783207=2.361089,2.498838,-0.425518=2.715631,-1.261764,-1.741636=|2.715631,-1.261764,-1.741636=2.361089,2.498838,-0.425518=1.044971,1.141150,3.099324=1.399514,-2.619453,1.783207=|1.399514,-2.619453,1.783207=1.044971,1.141150,3.099324=-2.715631,1.261764,1.741636=-2.361089,-2.498838,0.425518=|-1.044971,-1.141150,-3.099324=2.715631,-1.261764,-1.741636=1.399514,-2.619453,1.783207=-2.361089,-2.498838,0.425518=|2.361089,2.498838,-0.425518=-1.399514,2.619453,-1.783207=-2.715631,1.261764,1.741636=1.044971,1.141150,3.099324=|
-2.322637,-2.534765,-0.424638=-3.010258,0.940163,1.433329=-1.152292,2.889308,-1.524507=-0.464670,-0.585621,-3.382473=|-0.464670,-0.585621,-3.382473=-1.152292,2.889308,-1.524507=2.322637,2.534765,0.424638=3.010258,-0.940163,-1.433329=|3.010258,-0.940163,-1.433329=2.322637,2.534765,0.424638=0.464670,0.585621,3.382473=1.152292,-2.889308,1.524507=|1.152292,-2.889308,1.524507=0.464670,0.585621,3.382473=-3.010258,0.940163,1.433329=-2.322637,-2.534765,-0.424638=|-0.464670,-0.585621,-3.382473=3.010258,-0.940163,-1.433329=1.152292,-2.889308,1.524507=-2.322637,-2.534765,-0.424638=|2.322637,2.534765,0.424638=-1.152292,2.889308,-1.524507=-3.010258,0.940163,1.433329=0.464670,0.585621,3.382473=|
-2.138301,-2.422518,-1.248626=-3.237988,0.676985,1.028160=-0.961203,3.110141,-1.184530=0.138485,0.010636,-3.461315=|0.138485,0.010636,-3.461315=-0.961203,3.110141,-1.184530=2.138301,2.422518,1.248626=3.237988,-0.676985,-1.028160=|3.237988,-0.676985,-1.028160=2.138301,2.422518,1.248626=-0.138485,-0.010636,3.461315=0.961203,-3.110141,1.184530=|0.961203,-3.110141,1.184530=-0.138485,-0.010636,3.461315=-3.237988,0.676985,1.028160=-2.138301,-2.422518,-1.248626=|0.138485,0.010636,-3.461315=3.237988,-0.676985,-1.028160=0.961203,-3.110141,1.184530=-2.138301,-2.422518,-1.248626=|2.138301,2.422518,1.248626=-0.961203,3.110141,-1.184530=-3.237988,0.676985,1.028160=-0.138485,-0.010636,3.461315=|
-1.819240,-2.168893,-1.996562=-3.385035,0.488162,0.550658=-0.837816,3.268583,-0.783858=0.727980,0.611525,-3.331077=|0.727980,0.611525,-3.331077=-0.837816,3.268583,-0.783858=1.819240,2.168893,1.996562=3.385035,-0.488162,-0.550658=|3.385035,-0.488162,-0.550658=1.819240,2.168893,1.996562=-0.727980,-0.611525,3.331077=0.837816,-3.268583,0.783858=|0.837816,-3.268583,0.783858=-0.727980,-0.611525,3.331077=-3.385035,0.488162,0.550658=-1.819240,-2.168893,-1.996562=|0.727980,0.611525,-3.331077=3.385035,-0.488162,-0.550658=0.837816,-3.268583,0.783858=-1.819240,-2.168893,-1.996562=|1.819240,2.168893,1.996562=-0.837816,3.268583,-0.783858=-3.385035,0.488162,0.550658=-0.727980,-0.611525,3.331077=|
-1.384769,-1.789243,-2.623168=-3.442497,0.385125,0.029729=-0.789600,3.355042,-0.346746=1.268128,1.180670,-2.999643=|1.268128,1.180670,-2.999643=-0.789600,3.355042,-0.346746=1.384769,1.789243,2.623168=3.442497,-0.385125,-0.029729=|3.442497,-0.385125,-0.029729=1.384769,1.789243,2.623168=-1.268128,-1.180670,2.999643=0.789600,-3.355042,0.346746=|0.789600,-3.355042,0.346746=-1.268128,-1.180670,2.999643=-3.442497,0.385125,0.029729=-1.384769,-1.789243,-2.623168=|1.268128,1.180670,-2.999643=3.442497,-0.385125,-0.029729=0.789600,-3.355042,0.346746=-1.384769,-1.789243,-2.623168=|1.384769,1.789243,2.623168=-0.789600,3.355042,-0.346746=-3.442497,0.385125,0.029729=-1.268128,-1.180670,2.999643=|
-0.861191,-1.306552,-3.090511=-3.406895,0.374112,-0.503091=-0.819474,3.364283,0.100343=1.726230,1.683615,-2.487078=|1.726230,1.683615,-2.487078=-0.819474,3.364283,0.100343=0.861191,1.306552,3.090511=3.406895,-0.374112,0.503091=|3.406895,-0.374112,0.503091=0.861191,1.306552,3.090511=-1.726230,-1.683615,2.487078=0.819474,-3.364283,-0.100343=|0.819474,-3.364283,-0.100343=-1.726230,-1.683615,2.487078=-3.406895,0.374112,-0.503091=-0.861191,-1.306552,-3.090511=|1.726230,1.683615,-2.487078=3.406895,-0.374112,0.503091=0.819474,-3.364283,-0.100343=-0.861191,-1.306552,-3.090511=|0.861191,1.306552,3.090511=-0.819474,3.364283,0.100343=-3.406895,0.374112,-0.503091=-1.726230,-1.683615,2.487078=|
-0.280202,-0.750041,-3.370298=-3.280384,0.455789,-1.015545=-0.925629,3.295748,0.530343=2.074553,2.089914,-1.824411=|2.074553,2.089914,-1.824411=-0.925629,3.295748,0.530343=0.280202,0.750041,3.370298=3.280384,-0.455789,1.015545=|3.280384,-0.455789,1.015545=0.280202,0.750041,3.370298=-2.074553,-2.089914,1.824411=0.925629,-3.295748,-0.530343=|0.925629,-3.295748,-0.530343=-2.074553,-2.089914,1.824411=-3.280384,0.455789,-1.015545=-0.280202,-0.750041,-3.370298=|2.074553,2.089914,-1.824411=3.280384,-0.455789,1.015545=0.925629,-3.295748,-0.530343=-0.280202,-0.750041,-3.370298=|0.280202,0.750041,3.370298=-0.925629,3.295748,0.530343=-3.280384,0.455789,-1.015545=-2.074553,-2.089914,1.824411=|
0.323026,-0.153400,-3.445592=-3.070623,0.625212,-1.476611=-1.101640,3.153585,0.917223=2.292010,2.374969,-1.051759=|2.292010,2.374969,-1.051759=-1.101640,3.153585,0.917223=-0.323026,0.153400,3.445592=3.070623,-0.625212,1.476611=|3.070623,-0.625212,1.476611=-0.323026,0.153400,3.445592=-2.292010,-2.374969,1.051759=1.101640,-3.153585,-0.917223=|1.101640,-3.153585,-0.917223=-2.292010,-2.374969,1.051759=-3.070623,0.625212,-1.476611=0.323026,-0.153400,-3.445592=|2.292010,2.374969,-1.051759=3.070623,-0.625212,1.476611=1.101640,-3.153585,-0.917223=0.323026,-0.153400,-3.445592=|-0.323026,0.153400,3.445592=-1.101640,3.153585,0.917223=-3.070623,0.625212,-1.476611=-2.292010,-2.374969,1.051759=|
0.911975,0.447251,-3.311834=-2.790310,0.872124,-1.858376=-1.336850,2.946401,1.237562=2.365437,2.521524,-0.215898=|2.365437,2.521524,-0.215898=-1.336850,2.946401,1.237562=-0.911975,-0.447251,3.311834=2.790310,-0.872124,1.858376=|2.790310,-0.872124,1.858376=-0.911975,-0.447251,3.311834=-2.365437,-2.521524,0.215898=1.336850,-2.946401,-1.237562=|1.336850,-2.946401,-1.237562=-2.365437,-2.521524,0.215898=-2.790310,0.872124,-1.858376=0.911975,0.447251,-3.311834=|2.365437,2.521524,-0.215898=2.790310,-0.872124,1.858376=1.336850,-2.946401,-1.237562=0.911975,0.447251,-3.311834=|-0.911975,-0.447251,3.311834=-1.336850,2.946401,1.237562=-2.790310,0.872124,-1.858376=-2.365437,-2.521524,0.215898=|
1.450991,1.015550,-2.977123=-2.456416,1.181578,-2.137729=-1.617021,2.686738,1.471967=2.290388,2.520707,0.632572=|2.290388,2.520707,0.632572=-1.617021,2.686738,1.471967=-1.450991,-1.015550,2.977123=2.456416,-1.181578,2.137729=|2.456416,-1.181578,2.137729=-1.450991,-1.015550,2.977123=-2.290388,-2.520707,-0.632572=1.617021,-2.686738,-1.471967=|1.617021,-2.686738,-1.471967=-2.290388,-2.520707,-0.632572=-2.456416,1.181578,-2.137729=1.450991,1.015550,-2.977123=|2.290388,2.520707,0.632572=2.456416,-1.181578,2.137729=1.617021,-2.686738,-1.471967=1.450991,1.015550,-2.977123=|-1.450991,-1.015550,2.977123=-1.617021,2.686738,1.471967=-2.456416,1.181578,-2.137729=-2.290388,-2.520707,-0.632572=|
1.907443,1.517093,-2.461720=-2.089153,1.534840,-2.297759=-1.925191,2.390316,1.606248=2.071407,2.372567,1.442286=|2.071407,2.372567,1.442286=-1.925191,2.390316,1.606248=-1.907443,-1.517093,2.461720=2.089153,-1.534840,2.297759=|2.089153,-1.534840,2.297759=-1.907443,-1.517093,2.461720=-2.071407,-2.372567,-1.442286=1.925191,-2.390316,-1.606248=|1.925191,-2.390316,-1.606248=-2.071407,-2.372567,-1.442286=-2.089153,1.534840,-2.297759=1.907443,1.517093,-2.461720=|2.071407,2.372567,1.442286=2.089153,-1.534840,2.297759=1.925191,-2.390316,-1.606248=1.907443,1.517093,-2.461720=|-1.907443,-1.517093,2.461720=-1.925191,2.390316,1.606248=-2.089153,1.534840,-2.297759=-2.071407,-2.372567,-1.442286=|
2.253698,1.921518,-1.796828=-1.710755,1.910524,-2.328778=-2.242704,2.075080,1.632276=1.721751,2.086072,2.164225=|1.721751,2.086072,2.164225=-2.242704,2.075080,1.632276=-2.253698,-1.921518,1.796828=1.710755,-1.910524,2.328778=|1.710755,-1.910524,2.328778=-2.253698,-1.921518,1.796828=-1.721751,-2.086072,-2.164225=2.242704,-2.075080,-1.632276=|2.242704,-2.075080,-1.632276=-1.721751,-2.086072,-2.164225=-1.710755,1.910524,-2.328778=2.253698,1.921518,-1.796828=|1.721751,2.086072,2.164225=1.710755,-1.910524,2.328778=2.242704,-2.075080,-1.632276=2.253698,1.921518,-1.796828=|-2.253698,-1.921518,1.796828=-2.242704,2.075080,1.632276=-1.710755,1.910524,-2.328778=-1.721751,-2.086072,-2.164225=|
2.468794,2.204342,-1.022697=-1.344130,2.285887,-2.228907=-2.550339,1.760113,1.548475=1.262587,1.678566,2.754684=|1.262587,1.678566,2.754684=-2.550339,1.760113,1.548475=-2.468794,-2.204342,1.022697=1.344130,-2.285887,2.228907=|1.344130,-2.285887,2.228907=-2.468794,-2.204342,1.022697=-1.262587,-1.678566,-2.754684=2.550339,-1.760113,-1.548475=|2.550339,-1.760113,-1.548475=-1.262587,-1.678566,-2.754684=-1.344130,2.285887,-2.228907=2.468794,2.204342,-1.022697=|1.262587,1.678566,2.754684=1.344130,-2.285887,2.228907=2.550339,-1.760113,-1.548475=2.468794,2.204342,-1.022697=|-2.468794,-2.204342,1.022697=-2.550339,1.760113,1.548475=-1.344130,2.285887,-2.228907=-1.262587,-1.678566,-2.754684=|
2.539710,2.348442,-0.186193=-1.011472,2.638205,-2.004193=-2.829472,1.464483,1.359918=0.721712,1.174719,3.177917=|0.721712,1.174719,3.177917=-2.829472,1.464483,1.359918=-2.539710,-2.348442,0.186193=1.011472,-2.638205,2.004193=|1.011472,-2.638205,2.004193=-2.539710,-2.348442,0.186193=-0.721712,-1.174719,-3.177917=2.829472,-1.464483,-1.359918=|2.829472,-1.464483,-1.359918=-0.721712,-1.174719,-3.177917=-1.011472,2.638205,-2.004193=2.539710,2.348442,-0.186193=|0.721712,1.174719,3.177917=1.011472,-2.638205,2.004193=2.829472,-1.464483,-1.359918=2.539710,2.348442,-0.186193=|-2.539710,-2.348442,0.186193=-2.829472,1.464483,1.359918=-1.011472,2.638205,-2.004193=-0.721712,-1.174719,-3.177917=|
2.462153,2.345096,0.662045=-0.732920,2.946149,-1.668240=-3.063205,1.206087,1.078020=0.131870,0.605033,3.408304=|0.131870,0.605033,3.408304=-3.063205,1.206087,1.078020=-2.462153,-2.345096,-0.662045=0.732920,-2.946149,1.668240=|0.732920,-2.946149,1.668240=-2.462153,-2.345096,-0.662045=-0.131870,-0.605033,-3.408304=3.063205,-1.206087,-1.078020=|3.063205,-1.206087,-1.078020=-0.131870,-0.605033,-3.408304=-0.732920,2.946149,-1.668240=2.462153,2.345096,0.662045=|0.131870,0.605033,3.408304=0.732920,-2.946149,1.668240=3.063205,-1.206087,-1.078020=2.462153,2.345096,0.662045=|-2.462153,-2.345096,-0.662045=-3.063205,1.206087,1.078020=-0.732920,2.946149,-1.668240=-0.131870,-0.605033,-3.408304=|
2.240818,2.194506,1.470665=-0.525337,3.191077,-1.241385=-3.237388,1.000568,0.719847=-0.471232,0.003995,3.431896=|-0.471232,0.003995,3.431896=-3.237388,1.000568,0.719847=-2.240818,-2.194506,-1.470665=0.525337,-3.191077,1.241385=|0.525337,-3.191077,1.241385=-2.240818,-2.194506,-1.470665=0.471232,-0.003995,-3.431896=3.237388,-1.000568,-0.719847=|3.237388,-1.000568,-0.719847=0.471232,-0.003995,-3.431896=-0.525337,3.191077,-1.241385=2.240818,2.194506,1.470665=|-0.471232,0.003995,3.431896=0.525337,-3.191077,1.241385=3.237388,-1.000568,-0.719847=2.240818,2.194506,1.470665=|-2.240818,-2.194506,-1.470665=-3.237388,1.000568,0.719847=-0.525337,3.191077,-1.241385=0.471232,-0.003995,-3.431896=|
1.889104,1.905788,2.190716=-0.401289,3.358161,-0.749470=-3.341476,0.860367,0.307082=-1.051082,-0.592008,3.247266=|-1.051082,-0.592008,3.247266=-3.341476,0.860367,0.307082=-1.889104,-1.905788,-2.190716=0.401289,-3.358161,0.749470=|0.401289,-3.358161,0.749470=-1.889104,-1.905788,-2.190716=1.051082,0.592008,-3.247266=3.341476,-0.860367,-0.307082=|3.341476,-0.860367,-0.307082=1.051082,0.592008,-3.247266=-0.401289,3.358161,-0.749470=1.889104,1.905788,2.190716=|-1.051082,-0.592008,3.247266=0.401289,-3.358161,0.749470=3.341476,-0.860367,-0.307082=1.889104,1.905788,2.190716=|-1.889104,-1.905788,-2.190716=-3.341476,0.860367,0.307082=-0.401289,3.358161,-0.749470=1.051082,0.592008,-3.247266=|
1.428303,1.496421,2.778606=-0.368287,3.437287,-0.222274=-3.369169,0.793972,-0.135287=-1.572578,-1.146896,2.865591=|-1.572578,-1.146896,2.865591=-3.369169,0.793972,-0.135287=-1.428303,-1.496421,-2.778606=0.368287,-3.437287,0.222274=|0.368287,-3.437287,0.222274=-1.428303,-1.496421,-2.778606=1.572578,1.146896,-2.865591=3.369169,-0.793972,0.135287=|3.369169,-0.793972,0.135287=1.572578,1.146896,-2.865591=-0.368287,3.437287,-0.222274=1.428303,1.496421,2.778606=|-1.572578,-1.146896,2.865591=0.368287,-3.437287,0.222274=3.369169,-0.793972,0.135287=1.428303,1.496421,2.778606=|-1.428303,-1.496421,-2.778606=-3.369169,0.793972,-0.135287=-0.368287,3.437287,-0.222274=1.572578,1.146896,-2.865591=|
0.886312,0.991187,3.198746=-0.428328,3.423665,0.308287=-3.318789,0.805402,-0.580480=-2.004149,-1.627077,2.309977=|-2.004149,-1.627077,2.309977=-3.318789,0.805402,-0.580480=-0.886312,-0.991187,-3.198746=0.428328,-3.423665,-0.308287=|0.428328,-3.423665,-0.308287=-0.886312,-0.991187,-3.198746=2.004149,1.627077,-2.309977=3.318789,-0.805402,0.580480=|3.318789,-0.805402,0.580480=2.004149,1.627077,-2.309977=-0.428328,3.423665,0.308287=0.886312,0.991187,3.198746=|-2.004149,-1.627077,2.309977=0.428328,-3.423665,-0.308287=3.318789,-0.805402,0.580480=0.886312,0.991187,3.198746=|-0.886312,-0.991187,-3.198746=-3.318789,0.805402,-0.580480=-0.428328,3.423665,0.308287=2.004149,1.627077,-2.309977=|
0.295941,0.420672,3.425701=-0.577777,3.318118,0.810094=-3.193387,0.893965,-1.001546=-2.319668,-2.003481,1.614059=|-2.319668,-2.003481,1.614059=-3.193387,0.893965,-1.001546=-0.295941,-0.420672,-3.425701=0.577777,-3.318118,-0.810094=|0.577777,-3.318118,-0.810094=-0.295941,-0.420672,-3.425701=2.319668,2.003481,-1.614059=3.193387,-0.893965,1.001546=|3.193387,-0.893965,1.001546=2.319668,2.003481,-1.614059=-0.577777,3.318118,0.810094=0.295941,0.420672,3.425701=|-2.319668,-2.003481,1.614059=0.577777,-3.318118,-0.810094=3.193387,-0.893965,1.001546=0.295941,0.420672,3.425701=|-0.295941,-0.420672,-3.425701=-3.193387,0.893965,-1.001546=-0.577777,3.318118,0.810094=2.319668,2.003481,-1.614059=|
-0.307069,-0.180586,3.445732=-0.807587,3.127037,1.252768=-3.000554,1.054300,-1.372994=-2.500035,-2.253322,0.819968=|-2.500035,-2.253322,0.819968=-3.000554,1.054300,-1.372994=0.307069,0.180586,-3.445732=0.807587,-3.127037,-1.252768=|0.807587,-3.127037,-1.252768=0.307069,0.180586,-3.445732=2.500035,2.253322,-0.819968=3.000554,-1.054300,1.372994=|3.000554,-1.054300,1.372994=2.500035,2.253322,-0.819968=-0.807587,3.127037,1.252768=-0.307069,-0.180586,3.445732=|-2.500035,-2.253322,0.819968=0.807587,-3.127037,-1.252768=3.000554,-1.054300,1.372994=-0.307069,-0.180586,3.445732=|0.307069,0.180586,-3.445732=-3.000554,1.054300,-1.372994=-0.807587,3.127037,1.252768=2.500035,2.253322,-0.819968=|
-0.886213,-0.776188,3.257626=-1.103846,2.861989,1.609511=-2.751964,1.276701,-1.672338=-2.534331,-2.361475,-0.024224=|-2.534331,-2.361475,-0.024224=-2.751964,1.276701,-1.672338=0.886213,0.776188,-3.257626=1.103846,-2.861989,-1.609511=|1.103846,-2.861989,-1.609511=0.886213,0.776188,-3.257626=2.534331,2.361475,0.024224=2.751964,-1.276701,1.672338=|2.751964,-1.276701,1.672338=2.534331,2.361475,0.024224=-1.103846,2.861989,1.609511=-0.886213,-0.776188,3.257626=|-2.534331,-2.361475,-0.024224=1.103846,-2.861989,-1.609511=2.751964,-1.276701,1.672338=-0.886213,-0.776188,3.257626=|0.886213,0.776188,-3.257626=-2.751964,1.276701,-1.672338=-1.103846,2.861989,1.609511=2.534331,2.361475,0.024224=|
-1.406431,-1.330077,2.872771=-1.448618,2.539020,1.858726=-2.462666,1.547704,-1.881456=-2.420479,-2.321392,-0.867412=|-2.420479,-2.321392,-0.867412=-2.462666,1.547704,-1.881456=1.406431,1.330077,-2.872771=1.448618,-2.539020,-1.858726=|1.448618,-2.539020,-1.858726=1.406431,1.330077,-2.872771=2.420479,2.321392,0.867412=2.462666,-1.547704,1.881456=|2.462666,-1.547704,1.881456=2.420479,2.321392,0.867412=-1.448618,2.539020,1.858726=-1.406431,-1.330077,2.872771=|-2.420479,-2.321392,-0.867412=1.448618,-2.539020,-1.858726=2.462666,-1.547704,1.881456=-1.406431,-1.330077,2.872771=|1.406431,1.330077,-2.872771=-2.462666,1.547704,-1.881456=-1.448618,2.539020,1.858726=2.420479,2.321392,0.867412=|
-1.836230,-1.808722,2.314466=-1.821032,2.177682,1.985327=-2.150173,1.850902,-1.987688=-2.165372,-2.135500,-1.658549=|-2.165372,-2.135500,-1.658549=-2.150173,1.850902,-1.987688=1.836230,1.808722,-2.314466=1.821032,-2.177682,-1.985327=|1.821032,-2.177682,-1.985327=1.836230,1.808722,-2.314466=2.165372,2.135500,1.658549=2.150173,-1.850902,1.987688=|2.150173,-1.850902,1.987688=2.165372,2.135500,1.658549=-1.821032,2.177682,1.985327=-1.836230,-1.808722,2.314466=|-2.165372,-2.135500,-1.658549=1.821032,-2.177682,-1.985327=2.150173,-1.850902,1.987688=-1.836230,-1.808722,2.314466=|1.836230,1.808722,-2.314466=-2.150173,1.850902,-1.987688=-1.821032,2.177682,1.985327=2.165372,2.135500,1.658549=|
-2.149591,-2.183146,1.616508=-2.198543,1.799850,1.981649=-1.833404,2.167941,-1.984602=-1.784453,-1.815053,-2.349742=|-1.784453,-1.815053,-2.349742=-1.833404,2.167941,-1.984602=2.149591,2.183146,-1.616508=2.198543,-1.799850,-1.981649=|2.198543,-1.799850,-1.981649=2.149591,2.183146,-1.616508=1.784453,1.815053,2.349742=1.833404,-2.167941,1.984602=|1.833404,-2.167941,1.984602=1.784453,1.815053,2.349742=-2.198543,1.799850,1.981649=-2.149591,-2.183146,1.616508=|-1.784453,-1.815053,-2.349742=2.198543,-1.799850,-1.981649=1.833404,-2.167941,1.984602=-2.149591,-2.183146,1.616508=|2.149591,2.183146,-1.616508=-1.833404,2.167941,-1.984602=-2.198543,1.799850,1.981649=1.784453,1.815053,2.349742=|
-2.327543,-2.430683,0.821152=-2.558296,1.428396,1.847914=-1.531535,2.479628,-1.872386=-1.300783,-1.379450,-2.899148=|-1.300783,-1.379450,-2.899148=-1.531535,2.479628,-1.872386=2.327543,2.430683,-0.821152=2.558296,-1.428396,-1.847914=|2.558296,-1.428396,-1.847914=2.327543,2.430683,-0.821152=1.300783,1.379450,2.899148=1.531535,-2.479628,1.872386=|1.531535,-2.479628,1.872386=1.300783,1.379450,2.899148=-2.558296,1.428396,1.847914=-2.327543,-2.430683,0.821152=|-1.300783,-1.379450,-2.899148=2.558296,-1.428396,-1.847914=1.531535,-2.479628,1.872386=-2.327543,-2.430683,0.821152=|2.327543,2.430683,-0.821152=-1.531535,2.479628,-1.872386=-2.558296,1.428396,1.847914=1.300783,1.379450,2.899148=|
-2.359314,-2.536347,-0.023454=-2.878513,1.085809,1.592219=-1.262841,2.767093,-1.657833=-0.743642,-0.855061,-3.273506=|-0.743642,-0.855061,-3.273506=-1.262841,2.767093,-1.657833=2.359314,2.536347,0.023454=2.878513,-1.085809,-1.592219=|2.878513,-1.085809,-1.592219=2.359314,2.536347,0.023454=0.743642,0.855061,3.273506=1.262841,-2.767093,1.657833=|1.262841,-2.767093,1.657833=0.743642,0.855061,3.273506=-2.878513,1.085809,1.592219=-2.359314,-2.536347,-0.023454=|-0.743642,-0.855061,-3.273506=2.878513,-1.085809,-1.592219=1.262841,-2.767093,1.657833=-2.359314,-2.536347,-0.023454=|2.359314,2.536347,0.023454=-1.262841,2.767093,-1.657833=-2.878513,1.085809,1.592219=0.743642,0.855061,3.273506=|
-2.242980,-2.493741,-0.866178=-3.139808,0.792827,1.230043=-1.043587,3.012934,-1.353932=-0.146759,-0.273632,-3.450154=|-0.146759,-0.273632,-3.450154=-1.043587,3.012934,-1.353932=2.242980,2.493741,0.866178=3.139808,-0.792827,-1.230043=|3.139808,-0.792827,-1.230043=2.242980,2.493741,0.866178=0.146759,0.273632,3.450154=1.043587,-3.012934,1.353932=|1.043587,-3.012934,1.353932=0.146759,0.273632,3.450154=-3.139808,0.792827,1.230043=-2.242980,-2.493741,-0.866178=|-0.146759,-0.273632,-3.450154=3.139808,-0.792827,-1.230043=1.043587,-3.012934,1.353932=-2.242980,-2.493741,-0.866178=|2.242980,2.493741,0.866178=-1.043587,3.012934,-1.353932=-3.139808,0.792827,1.230043=0.146759,0.273632,3.450154=|
-1.985583,-2.305445,-1.656004=-3.326364,0.567187,0.783312=-0.887048,3.202269,-0.979081=0.453733,0.329638,-3.418397=|0.453733,0.329638,-3.418397=-0.887048,3.202269,-0.979081=1.985583,2.305445,1.656004=3.326364,-0.567187,-0.783312=|3.326364,-0.567187,-0.783312=1.985583,2.305445,1.656004=-0.453733,-0.329638,3.418397=0.887048,-3.202269,0.979081=|0.887048,-3.202269,0.979081=-0.453733,-0.329638,3.418397=-3.326364,0.567187,0.783312=-1.985583,-2.305445,-1.656004=|0.453733,0.329638,-3.418397=3.326364,-0.567187,-0.783312=0.887048,-3.202269,0.979081=-1.985583,-2.305445,-1.656004=|1.985583,2.305445,1.656004=-0.887048,3.202269,-0.979081=-3.326364,0.567187,0.783312=-0.453733,-0.329638,3.418397=|
-1.602706,-1.982858,-2.345116=-3.426886,0.422549,0.279070=-0.802699,3.323635,-0.555972=1.021480,0.918229,-3.180158=|1.021480,0.918229,-3.180158=-0.802699,3.323635,-0.555972=1.602706,1.982858,2.345116=3.426886,-0.422549,-0.279070=|3.426886,-0.422549,-0.279070=1.602706,1.982858,2.345116=-1.021480,-0.918229,3.180158=0.802699,-3.323635,0.555972=|0.802699,-3.323635,0.555972=-1.021480,-0.918229,3.180158=-3.426886,0.422549,0.279070=-1.602706,-1.982858,-2.345116=|1.021480,0.918229,-3.180158=3.426886,-0.422549,-0.279070=0.802699,-3.323635,0.555972=-1.602706,-1.982858,-2.345116=|1.602706,1.982858,2.345116=-0.802699,3.323635,-0.555972=-3.426886,0.422549,0.279070=-1.021480,-0.918229,3.180158=|
-1.117528,-1.545509,-2.891798=-3.435289,0.367670,-0.252157=-0.795647,3.369685,-0.110220=1.522112,1.456508,-2.749860=|1.522112,1.456508,-2.749860=-0.795647,3.369685,-0.110220=1.117528,1.545509,2.891798=3.435289,-0.367670,0.252157=|3.435289,-0.367670,0.252157=1.117528,1.545509,2.891798=-1.522112,-1.456508,2.749860=0.795647,-3.369685,0.110220=|0.795647,-3.369685,0.110220=-1.522112,-1.456508,2.749860=-3.435289,0.367670,-0.252157=-1.117528,-1.545509,-2.891798=|1.522112,1.456508,-2.749860=3.435289,-0.367670,0.252157=0.795647,-3.369685,0.110220=-1.117528,-1.545509,-2.891798=|1.117528,1.545509,2.891798=-0.795647,3.369685,-0.110220=-3.435289,0.367670,-0.252157=-1.522112,-1.456508,2.749860=|
-0.559421,-1.019874,-3.262954=-3.351064,0.405871,-0.778210=-0.866319,3.337631,0.331191=1.925322,1.911889,-2.153552=|1.925322,1.911889,-2.153552=-0.866319,3.337631,0.331191=0.559421,1.019874,3.262954=3.351064,-0.405871,0.778210=|3.351064,-0.405871,0.778210=0.559421,1.019874,3.262954=-1.925322,-1.911889,2.153552=0.866319,-3.337631,-0.331191=|0.866319,-3.337631,-0.331191=-1.925322,-1.911889,2.153552=-3.351064,0.405871,-0.778210=-0.559421,-1.019874,-3.262954=|1.925322,1.911889,-2.153552=3.351064,-0.405871,0.778210=0.866319,-3.337631,-0.331191=-0.559421,-1.019874,-3.262954=|0.559421,1.019874,3.262954=-0.866319,3.337631,0.331191=-3.351064,0.405871,-0.778210=-1.925322,-1.911889,2.153552=|
0.037829,-0.437774,-3.436115=-3.179311,0.534840,-1.267242=-1.010437,3.229414,0.741538=2.206701,2.256804,-1.427334=|2.206701,2.256804,-1.427334=-1.010437,3.229414,0.741538=-0.037829,0.437774,3.436115=3.179311,-0.534840,1.267242=|3.179311,-0.534840,1.267242=-0.037829,0.437774,3.436115=-2.206701,-2.256804,1.427334=1.010437,-3.229414,-0.741538=|1.010437,-3.229414,-0.741538=-2.206701,-2.256804,1.427334=-3.179311,0.534840,-1.267242=0.037829,-0.437774,-3.436115=|2.206701,2.256804,-1.427334=3.179311,-0.534840,1.267242=1.010437,-3.229414,-0.741538=0.037829,-0.437774,-3.436115=|-0.037829,0.437774,3.436115=-1.010437,3.229414,0.741538=-3.179311,0.534840,-1.267242=-2.206701,-2.256804,1.427334=|
0.638065,0.165552,-3.400798=-2.930426,0.746769,-1.689648=-1.219275,3.051585,1.095980=2.349214,2.470372,-0.615169=|2.349214,2.470372,-0.615169=-1.219275,3.051585,1.095980=-0.638065,-0.165552,3.400798=2.930426,-0.746769,1.689648=|2.930426,-0.746769,1.689648=-0.638065,-0.165552,3.400798=-2.349214,-2.470372,0.615169=1.219275,-3.051585,-1.095980=|1.219275,-3.051585,-1.095980=-2.349214,-2.470372,0.615169=-2.930426,0.746769,-1.689648=0.638065,0.165552,-3.400798=|2.349214,2.470372,-0.615169=2.930426,-0.746769,1.689648=1.219275,-3.051585,-1.095980=0.638065,0.165552,-3.400798=|-0.638065,-0.165552,3.400798=-1.219275,3.051585,1.095980=-2.930426,0.746769,-1.689648=-2.349214,-2.470372,0.615169=|
1.204950,0.753579,-3.159142=-2.619477,1.028828,-2.019857=-1.480192,2.814909,1.373059=2.344234,2.539664,0.233776=|2.344234,2.539664,0.233776=-1.480192,2.814909,1.373059=-1.204950,-0.753579,3.159142=2.619477,-1.028828,2.019857=|2.619477,-1.028828,2.019857=-1.204950,-0.753579,3.159142=-2.344234,-2.539664,-0.233776=1.480192,-2.814909,-1.373059=|1.480192,-2.814909,-1.373059=-2.344234,-2.539664,-0.233776=-2.619477,1.028828,-2.019857=1.204950,0.753579,-3.159142=|2.344234,2.539664,0.233776=2.619477,-1.028828,2.019857=1.480192,-2.814909,-1.373059=1.204950,0.753579,-3.159142=|-1.204950,-0.753579,3.159142=-1.480192,2.814909,1.373059=-2.619477,1.028828,-2.019857=-2.344234,-2.539664,-0.233776=|
1.704166,1.290710,-2.725775=-2.265288,1.363942,-2.237878=-1.777391,2.533715,1.556001=2.192061,2.460486,1.068107=|2.192061,2.460486,1.068107=-1.777391,2.533715,1.556001=-1.704166,-1.290710,2.725775=2.265288,-1.363942,2.237878=|2.265288,-1.363942,2.237878=-1.704166,-1.290710,2.725775=-2.192061,-2.460486,-1.068107=1.777391,-2.533715,-1.556001=|1.777391,-2.533715,-1.556001=-2.192061,-2.460486,-1.068107=-2.265288,1.363942,-2.237878=1.704166,1.290710,-2.725775=|2.192061,2.460486,1.068107=2.265288,-1.363942,2.237878=1.777391,-2.533715,-1.556001=1.704166,1.290710,-2.725775=|-1.704166,-1.290710,2.725775=-1.777391,2.533715,1.556001=-2.265288,1.363942,-2.237878=-2.192061,-2.460486,-1.068107=|
2.105491,1.744427,-2.126933=-1.889302,1.731824,-2.330513=-2.092881,2.225025,1.633732=1.901909,2.237631,1.837315=|1.901909,2.237631,1.837315=-2.092881,2.225025,1.633732=-2.105491,-1.744427,2.126933=1.889302,-1.731824,2.330513=|1.889302,-1.731824,2.330513=-2.105491,-1.744427,2.126933=-1.901909,-2.237631,-1.837315=2.092881,-2.225025,-1.633732=|2.092881,-2.225025,-1.633732=-1.901909,-2.237631,-1.837315=-1.889302,1.731824,-2.330513=2.105491,1.744427,-2.126933=|1.901909,2.237631,1.837315=1.889302,-1.731824,2.330513=2.092881,-2.225025,-1.633732=2.105491,1.744427,-2.126933=|-2.105491,-1.744427,2.126933=-2.092881,2.225025,1.633732=-1.889302,1.731824,-2.330513=-1.901909,-2.237631,-1.837315=|
2.384630,2.087263,-1.398869=-1.514279,2.110203,-2.292154=-2.407563,1.907527,1.601546=1.491343,1.884590,2.494833=|1.491343,1.884590,2.494833=-2.407563,1.907527,1.601546=-2.384630,-2.087263,1.398869=1.514279,-2.110203,2.292154=|1.514279,-2.110203,2.292154=-2.384630,-2.087263,1.398869=-1.491343,-1.884590,-2.494833=2.407563,-1.907527,-1.601546=|2.407563,-1.907527,-1.601546=-1.491343,-1.884590,-2.494833=-1.514279,2.110203,-2.292154=2.384630,2.087263,-1.398869=|1.491343,1.884590,2.494833=1.514279,-2.110203,2.292154=2.407563,-1.907527,-1.601546=2.384630,2.087263,-1.398869=|-2.384630,-2.087263,1.398869=-2.407563,1.907527,1.601546=-1.514279,2.110203,-2.292154=-1.491343,-1.884590,-2.494833=|
2.524684,2.298464,-0.585658=-1.162923,2.476173,-2.125123=-2.702386,1.600442,1.461391=0.985217,1.422736,3.000858=|0.985217,1.422736,3.000858=-2.702386,1.600442,1.461391=-2.524684,-2.298464,0.585658=1.162923,-2.476173,2.125123=|1.162923,-2.476173,2.125123=-2.524684,-2.298464,0.585658=-0.985217,-1.422736,-3.000858=2.702386,-1.600442,-1.461391=|2.702386,-1.600442,-1.461391=-0.985217,-1.422736,-3.000858=-1.162923,2.476173,-2.125123=2.524684,2.298464,-0.585658=|0.985217,1.422736,3.000858=1.162923,-2.476173,2.125123=2.702386,-1.600442,-1.461391=2.524684,2.298464,-0.585658=|-2.524684,-2.298464,0.585658=-2.702386,1.600442,1.461391=-1.162923,2.476173,-2.125123=-0.985217,-1.422736,-3.000858=|
2.517175,2.365244,0.263469=-0.856504,2.807578,-1.839532=-2.959502,1.322360,1.221752=0.414172,0.880028,3.324754=|0.414172,0.880028,3.324754=-2.959502,1.322360,1.221752=-2.517175,-2.365244,-0.263469=0.856504,-2.807578,1.839532=|0.856504,-2.807578,1.839532=-2.517175,-2.365244,-0.263469=-0.414172,-0.880028,-3.324754=2.959502,-1.322360,-1.221752=|2.959502,-1.322360,-1.221752=-0.414172,-0.880028,-3.324754=-0.856504,2.807578,-1.839532=2.517175,2.365244,0.263469=|0.414172,0.880028,3.324754=0.856504,-2.807578,1.839532=2.959502,-1.322360,-1.221752=2.517175,2.365244,0.263469=|-2.517175,-2.365244,-0.263469=-2.959502,1.322360,1.221752=-0.856504,2.807578,-1.839532=-0.414172,-0.880028,-3.324754=|
2.362557,2.283560,1.097108=-0.613572,3.084356,-1.452670=-3.163347,1.090115,0.897136=-0.187223,0.289321,3.446914=|-0.187223,0.289321,3.446914=-3.163347,1.090115,0.897136=-2.362557,-2.283560,-1.097108=0.613572,-3.084356,1.452670=|0.613572,-3.084356,1.452670=-2.362557,-2.283560,-1.097108=0.187223,-0.289321,-3.446914=3.163347,-1.090115,-0.897136=|3.163347,-1.090115,-0.897136=0.187223,-0.289321,-3.446914=-0.613572,3.084356,-1.452670=2.362557,2.283560,1.097108=|-0.187223,0.289321,3.446914=0.613572,-3.084356,1.452670=3.163347,-1.090115,-0.897136=2.362557,2.283560,1.097108=|-2.362557,-2.283560,-1.097108=-3.163347,1.090115,0.897136=-0.613572,3.084356,-1.452670=0.187223,-0.289321,-3.446914=|
2.070190,2.058357,1.864791=-0.448834,3.289751,-0.987956=-3.301579,0.917768,0.507195=-0.782560,-0.313625,3.359942=|-0.782560,-0.313625,3.359942=-3.301579,0.917768,0.507195=-2.070190,-2.058357,-1.864791=0.448834,-3.289751,0.987956=|0.448834,-3.289751,0.987956=-2.070190,-2.058357,-1.864791=0.782560,0.313625,-3.359942=3.301579,-0.917768,-0.507195=|3.301579,-0.917768,-0.507195=0.782560,0.313625,-3.359942=-0.448834,3.289751,-0.987956=2.070190,2.058357,1.864791=|-0.782560,-0.313625,3.359942=0.448834,-3.289751,0.987956=3.301579,-0.917768,-0.507195=2.070190,2.058357,1.864791=|-2.070190,-2.058357,-1.864791=-3.301579,0.917768,0.507195=-0.448834,3.289751,-0.987956=0.782560,0.313625,-3.359942=|
1.657774,1.703268,2.520045=-0.372263,3.411329,-0.473524=-3.365830,0.815752,0.075536=-1.335798,-0.892308,3.069104=|-1.335798,-0.892308,3.069104=-3.365830,0.815752,0.075536=-1.657774,-1.703268,-2.520045=0.372263,-3.411329,0.473524=|0.372263,-3.411329,0.473524=-1.657774,-1.703268,-2.520045=1.335798,0.892308,-3.069104=3.365830,-0.815752,-0.075536=|3.365830,-0.815752,-0.075536=1.335798,0.892308,-3.069104=-0.372263,3.411329,-0.473524=1.657774,1.703268,2.520045=|-1.335798,-0.892308,3.069104=0.372263,-3.411329,0.473524=3.365830,-0.815752,-0.075536=1.657774,1.703268,2.520045=|-1.657774,-1.703268,-2.520045=-3.365830,0.815752,0.075536=-0.372263,3.411329,-0.473524=1.335798,0.892308,-3.069104=|
1.150276,1.239790,3.023202=-0.388494,3.441730,0.059483=-3.352211,0.790242,-0.371710=-1.813445,-1.411696,2.592006=|-1.813445,-1.411696,2.592006=-3.352211,0.790242,-0.371710=-1.150276,-1.239790,-3.023202=0.388494,-3.441730,-0.059483=|0.388494,-3.441730,-0.059483=-1.150276,-1.239790,-3.023202=1.813445,1.411696,-2.592006=3.352211,-0.790242,0.371710=|3.352211,-0.790242,0.371710=1.813445,1.411696,-2.592006=-0.388494,3.441730,0.059483=1.150276,1.239790,3.023202=|-1.813445,-1.411696,2.592006=0.388494,-3.441730,-0.059483=3.352211,-0.790242,0.371710=1.150276,1.239790,3.023202=|-1.150276,-1.239790,-3.023202=-3.352211,0.790242,-0.371710=-0.388494,3.441730,0.059483=1.813445,1.411696,-2.592006=|
0.578418,0.695981,3.343801=-0.496545,3.379113,0.578799=-3.261546,0.842783,-0.807468=-2.186586,-1.840346,1.957532=|-2.186586,-1.840346,1.957532=-3.261546,0.842783,-0.807468=-0.578418,-0.695981,-3.343801=0.496545,-3.379113,-0.578799=|0.496545,-3.379113,-0.578799=-0.578418,-0.695981,-3.343801=2.186586,1.840346,-1.957532=3.261546,-0.842783,0.807468=|3.261546,-0.842783,0.807468=2.186586,1.840346,-1.957532=-0.496545,3.379113,0.578799=0.578418,0.695981,3.343801=|-2.186586,-1.840346,1.957532=0.496545,-3.379113,-0.578799=3.261546,-0.842783,0.807468=0.578418,0.695981,3.343801=|-0.578418,-0.695981,-3.343801=-3.261546,0.842783,-0.807468=-0.496545,3.379113,0.578799=2.186586,1.840346,-1.957532=|
-0.023179,0.104763,3.462434=-0.689875,3.227269,1.052984=-3.099324,0.970195,-1.205357=-2.432631,-2.152309,1.204091=|-2.432631,-2.152309,1.204091=-3.099324,0.970195,-1.205357=0.023179,-0.104763,-3.462434=0.689875,-3.227269,-1.052984=|0.689875,-3.227269,-1.052984=0.023179,-0.104763,-3.462434=2.432631,2.152309,-1.204091=3.099324,-0.970195,1.205357=|3.099324,-0.970195,1.205357=2.432631,2.152309,-1.204091=-0.689875,3.227269,1.052984=-0.023179,0.104763,3.462434=|-2.432631,-2.152309,1.204091=0.689875,-3.227269,-1.052984=3.099324,-0.970195,1.205357=-0.023179,0.104763,3.462434=|0.023179,-0.104763,-3.462434=-3.099324,0.970195,-1.205357=-0.689875,3.227269,1.052984=2.432631,2.152309,-1.204091=|
-0.618097,-0.498074,3.371919=-0.956779,2.995391,1.453333=-2.875365,1.164764,-1.541290=-2.536685,-2.328699,0.377295=|-2.536685,-2.328699,0.377295=-2.875365,1.164764,-1.541290=0.618097,0.498074,-3.371919=0.956779,-2.995391,-1.453333=|0.956779,-2.995391,-1.453333=0.618097,0.498074,-3.371919=2.536685,2.328699,-0.377295=2.875365,-1.164764,1.541290=|2.875365,-1.164764,1.541290=2.536685,2.328699,-0.377295=-0.956779,2.995391,1.453333=-0.618097,-0.498074,3.371919=|-2.536685,-2.328699,0.377295=0.956779,-2.995391,-1.453333=2.875365,-1.164764,1.541290=-0.618097,-0.498074,3.371919=|0.618097,0.498074,-3.371919=-2.875365,1.164764,-1.541290=-0.956779,2.995391,1.453333=2.536685,2.328699,-0.377295=|
-1.170320,-1.076035,3.077736=-1.281100,2.697515,1.755609=-2.603228,1.414711,-1.794930=-2.492449,-2.358838,-0.472804=|-2.492449,-2.358838,-0.472804=-2.603228,1.414711,-1.794930=1.170320,1.076035,-3.077736=1.281100,-2.697515,-1.755609=|1.281100,-2.697515,-1.755609=1.170320,1.076035,-3.077736=2.492449,2.358838,0.472804=2.603228,-1.414711,1.794930=|2.603228,-1.414711,1.794930=2.492449,2.358838,0.472804=-1.281100,2.697515,1.755609=-1.170320,-1.076035,3.077736=|-2.492449,-2.358838,-0.472804=1.281100,-2.697515,-1.755609=2.603228,-1.414711,1.794930=-1.170320,-1.076035,3.077736=|1.170320,1.076035,-3.077736=-2.603228,1.414711,-1.794930=-1.281100,2.697515,1.755609=2.492449,2.358838,0.472804=|
-1.646418,-1.594131,2.597694=-1.643204,2.351676,1.941512=-2.299387,1.704905,-1.950922=-2.302601,-2.240900,-1.294742=|-2.302601,-2.240900,-1.294742=-2.299387,1.704905,-1.950922=1.646418,1.594131,-2.597694=1.643204,-2.351676,-1.941512=|1.643204,-2.351676,-1.941512=1.646418,1.594131,-2.597694=2.302601,2.240900,1.294742=2.299387,-1.704905,1.950922=|2.299387,-1.704905,1.950922=2.302601,2.240900,1.294742=-1.643204,2.351676,1.941512=-1.646418,-1.594131,2.597694=|-2.302601,-2.240900,-1.294742=1.643204,-2.351676,-1.941512=2.299387,-1.704905,1.950922=-1.646418,-1.594131,2.597694=|1.646418,1.594131,-2.597694=-2.299387,1.704905,-1.950922=-1.643204,2.351676,1.941512=2.302601,2.240900,1.294742=|
-2.017568,-2.020997,1.960854=-2.021170,1.978809,1.999789=-1.982236,2.017778,-1.999823=-1.978634,-1.982026,-2.038760=|-1.978634,-1.982026,-2.038760=-1.982236,2.017778,-1.999823=2.017568,2.020997,-1.960854=2.021170,-1.978809,-1.999789=|2.021170,-1.978809,-1.999789=2.017568,2.020997,-1.960854=1.978634,1.982026,2.038760=1.982236,-2.017778,1.999823=|1.982236,-2.017778,1.999823=1.978634,1.982026,2.038760=-2.021170,1.978809,1.999789=-2.017568,-2.020997,1.960854=|-1.978634,-1.982026,-2.038760=2.021170,-1.978809,-1.999789=1.982236,-2.017778,1.999823=-2.017568,-2.020997,1.960854=|2.017568,2.020997,-1.960854=-1.982236,2.017778,-1.999823=-2.021170,1.978809,1.999789=1.978634,1.982026,2.038760=|
-2.261302,-2.330792,1.205769=-2.392116,1.601487,1.926912=-1.670975,2.334389,-1.938672=-1.540160,-1.597888,-2.659816=|-1.540160,-1.597888,-2.659816=-1.670975,2.334389,-1.938672=2.261302,2.330792,-1.205769=2.392116,-1.601487,-1.926912=|2.392116,-1.601487,-1.926912=2.261302,2.330792,-1.205769=1.540160,1.597888,2.659816=1.670975,-2.334389,1.938672=|1.670975,-2.334389,1.938672=1.540160,1.597888,2.659816=-2.392116,1.601487,1.926912=-2.261302,-2.330792,1.205769=|-1.540160,-1.597888,-2.659816=2.392116,-1.601487,-1.926912=1.670975,-2.334389,1.938672=-2.261302,-2.330792,1.205769=|2.261302,2.330792,-1.205769=-1.670975,2.334389,-1.938672=-2.392116,1.601487,1.926912=1.540160,1.597888,2.659816=|
-2.362864,-2.504762,0.378151=-2.733587,1.242552,1.727292=-1.384447,2.635571,-1.771171=-1.013724,-1.111740,-3.120314=|-1.013724,-1.111740,-3.120314=-1.384447,2.635571,-1.771171=2.362864,2.504762,-0.378151=2.733587,-1.242552,-1.727292=|2.733587,-1.242552,-1.727292=2.362864,2.504762,-0.378151=1.013724,1.111740,3.120314=1.384447,-2.635571,1.771171=|1.384447,-2.635571,1.771171=1.013724,1.111740,3.120314=-2.733587,1.242552,1.727292=-2.362864,-2.504762,0.378151=|-1.013724,-1.111740,-3.120314=2.733587,-1.242552,-1.727292=1.384447,-2.635571,1.771171=-2.362864,-2.504762,0.378151=|2.362864,2.504762,-0.378151=-1.384447,2.635571,-1.771171=-2.733587,1.242552,1.727292=1.013724,1.111740,3.120314=|
-2.316107,-2.532374,-0.471898=-3.024909,0.923734,1.413014=-1.139998,2.903091,-1.507461=-0.431195,-0.553013,-3.392375=|-0.431195,-0.553013,-3.392375=-1.139998,2.903091,-1.507461=2.316107,2.532374,0.471898=3.024909,-0.923734,-1.413014=|3.024909,-0.923734,-1.413014=2.316107,2.532374,0.471898=0.431195,0.553013,3.392375=1.139998,-2.903091,1.507461=|1.139998,-2.903091,1.507461=0.431195,0.553013,3.392375=-3.024909,0.923734,1.413014=-2.316107,-2.532374,-0.471898=|-0.431195,-0.553013,-3.392375=3.024909,-0.923734,-1.413014=1.139998,-2.903091,1.507461=-2.316107,-2.532374,-0.471898=|2.316107,2.532374,0.471898=-1.139998,2.903091,-1.507461=-3.024909,0.923734,1.413014=0.431195,0.553013,3.392375=|
-2.123860,-2.411957,-1.292918=-3.248447,0.664333,1.003104=-0.952427,3.120754,-1.163506=0.172161,0.044468,-3.459529=|0.172161,0.044468,-3.459529=-0.952427,3.120754,-1.163506=2.123860,2.411957,1.292918=3.248447,-0.664333,-1.003104=|3.248447,-0.664333,-1.003104=2.123860,2.411957,1.292918=-0.172161,-0.044468,3.459529=0.952427,-3.120754,1.163506=|0.952427,-3.120754,1.163506=-0.172161,-0.044468,3.459529=-3.248447,0.664333,1.003104=-2.123860,-2.411957,-1.292918=|0.172161,0.044468,-3.459529=3.248447,-0.664333,-1.003104=0.952427,-3.120754,1.163506=-2.123860,-2.411957,-1.292918=|2.123860,2.411957,1.292918=-0.952427,3.120754,-1.163506=-3.248447,0.664333,1.003104=-0.172161,-0.044468,3.459529=|
-1.797762,-2.150801,-2.035205=-3.390669,0.480053,0.522377=-0.833089,3.275383,-0.760129=0.759819,0.644533,-3.317711=|0.759819,0.644533,-3.317711=-0.833089,3.275383,-0.760129=1.797762,2.150801,2.035205=3.390669,-0.480053,-0.522377=|3.390669,-0.480053,-0.522377=1.797762,2.150801,2.035205=-0.759819,-0.644533,3.317711=0.833089,-3.275383,0.760129=|0.833089,-3.275383,0.760129=-0.759819,-0.644533,3.317711=-3.390669,0.480053,0.522377=-1.797762,-2.150801,-2.035205=|0.759819,0.644533,-3.317711=3.390669,-0.480053,-0.522377=0.833089,-3.275383,0.760129=-1.797762,-2.150801,-2.035205=|1.797762,2.150801,2.035205=-0.833089,3.275383,-0.760129=-3.390669,0.480053,0.522377=-0.759819,-0.644533,3.317711=|
-1.357555,-1.764716,-2.653823=-3.442964,0.382050,-0.000064=-0.789208,3.357617,-0.321749=1.296203,1.210855,-2.975507=|1.296203,1.210855,-2.975507=-0.789208,3.357617,-0.321749=1.357555,1.764716,2.653823=3.442964,-0.382050,0.000064=|3.442964,-0.382050,0.000064=1.357555,1.764716,2.653823=-1.296203,-1.210855,2.975507=0.789208,-3.357617,0.321749=|0.789208,-3.357617,0.321749=-1.296203,-1.210855,2.975507=-3.442964,0.382050,-0.000064=-1.357555,-1.764716,-2.653823=|1.296203,1.210855,-2.975507=3.442964,-0.382050,0.000064=0.789208,-3.357617,0.321749=-1.357555,-1.764716,-2.653823=|1.357555,1.764716,2.653823=-0.789208,3.357617,-0.321749=-3.442964,0.382050,-0.000064=-1.296203,-1.210855,2.975507=|
-0.829888,-1.277074,-3.111321=-3.402167,0.376257,-0.532592=-0.823440,3.362478,0.125095=1.748841,1.709151,-2.453633=|1.748841,1.709151,-2.453633=-0.823440,3.362478,0.125095=0.829888,1.277074,3.111321=3.402167,-0.376257,0.532592=|3.402167,-0.376257,0.532592=0.829888,1.277074,3.111321=-1.748841,-1.709151,2.453633=0.823440,-3.362478,-0.125095=|0.823440,-3.362478,-0.125095=-1.748841,-1.709151,2.453633=-3.402167,0.376257,-0.532592=-0.829888,-1.277074,-3.111321=|1.748841,1.709151,-2.453633=3.402167,-0.376257,0.532592=0.823440,-3.362478,-0.125095=-0.829888,-1.277074,-3.111321=|0.829888,1.277074,3.111321=-0.823440,3.362478,0.125095=-3.402167,0.376257,-0.532592=-1.748841,-1.709151,2.453633=|
-0.246704,-0.717397,-3.380004=-3.270747,0.463024,-1.042969=-0.933714,3.289672,0.553352=2.090331,2.109254,-1.783682=|2.090331,2.109254,-1.783682=-0.933714,3.289672,0.553352=0.246704,0.717397,3.380004=3.270747,-0.463024,1.042969=|3.270747,-0.463024,1.042969=0.246704,0.717397,3.380004=-2.090331,-2.109254,1.783682=0.933714,-3.289672,-0.553352=|0.933714,-3.289672,-0.553352=-2.090331,-2.109254,1.783682=-3.270747,0.463024,-1.042969=-0.246704,-0.717397,-3.380004=|2.090331,2.109254,-1.783682=3.270747,-0.463024,1.042969=0.933714,-3.289672,-0.553352=-0.246704,-0.717397,-3.380004=|0.246704,0.717397,3.380004=-0.933714,3.289672,0.553352=-3.270747,0.463024,-1.042969=-2.090331,-2.109254,1.783682=|
0.356691,-0.119567,-3.443606=-3.056661,0.637099,-1.500297=-1.113353,3.143606,0.937096=2.300000,2.386943,-1.006212=|2.300000,2.386943,-1.006212=-1.113353,3.143606,0.937096=-0.356691,0.119567,3.443606=3.056661,-0.637099,1.500297=|3.056661,-0.637099,1.500297=-0.356691,0.119567,3.443606=-2.300000,-2.386943,1.006212=1.113353,-3.143606,-0.937096=|1.113353,-3.143606,-0.937096=-2.300000,-2.386943,1.006212=-3.056661,0.637099,-1.500297=0.356691,-0.119567,-3.443606=|2.300000,2.386943,-1.006212=3.056661,-0.637099,1.500297=1.113353,-3.143606,-0.937096=0.356691,-0.119567,-3.443606=|-0.356691,0.119567,3.443606=-1.113353,3.143606,0.937096=-3.056661,0.637099,-1.500297=-2.300000,-2.386943,1.006212=|
0.943769,0.480225,-3.298277=-2.772868,0.887944,-1.876891=-1.351483,2.933122,1.253096=2.365155,2.525407,-0.168289=|2.365155,2.525407,-0.168289=-1.351483,2.933122,1.253096=-0.943769,-0.480225,3.298277=2.772868,-0.887944,1.876891=|2.772868,-0.887944,1.876891=-0.943769,-0.480225,3.298277=-2.365155,-2.525407,0.168289=1.351483,-2.933122,-1.253096=|1.351483,-2.933122,-1.253096=-2.365155,-2.525407,0.168289=-2.772868,0.887944,-1.876891=0.943769,0.480225,-3.298277=|2.365155,2.525407,-0.168289=2.772868,-0.887944,1.876891=1.351483,-2.933122,-1.253096=0.943769,0.480225,-3.298277=|-0.943769,-0.480225,3.298277=-1.351483,2.933122,1.253096=-2.772868,0.887944,-1.876891=-2.365155,-2.525407,0.168289=|
1.478989,1.045669,-2.952814=-2.436549,1.200373,-2.149952=-1.633687,2.670963,1.482221=2.281852,2.516263,0.679360=|2.281852,2.516263,0.679360=-1.633687,2.670963,1.482221=-1.478989,-1.045669,2.952814=2.436549,-1.200373,2.149952=|2.436549,-1.200373,2.149952=-1.478989,-1.045669,2.952814=-2.281852,-2.516263,-0.679360=1.633687,-2.670963,-1.482221=|1.633687,-2.670963,-1.482221=-2.281852,-2.516263,-0.679360=-2.436549,1.200373,-2.149952=1.478989,1.045669,-2.952814=|2.281852,2.516263,0.679360=2.436549,-1.200373,2.149952=1.633687,-2.670963,-1.482221=1.478989,1.045669,-2.952814=|-1.478989,-1.045669,2.952814=-1.633687,2.670963,1.482221=-2.436549,1.200373,-2.149952=-2.281852,-2.516263,-0.679360=|
1.929950,1.542534,-2.428132=-2.068065,1.555472,-2.302949=-1.942882,2.373000,1.610601=2.055133,2.360066,1.485420=|2.055133,2.360066,1.485420=-1.942882,2.373000,1.610601=-1.929950,-1.542534,2.428132=2.068065,-1.555472,2.302949=|2.068065,-1.555472,2.302949=-1.929950,-1.542534,2.428132=-2.055133,-2.360066,-1.485420=1.942882,-2.373000,-1.610601=|1.942882,-2.373000,-1.610601=-2.055133,-2.360066,-1.485420=-2.068065,1.555472,-2.302949=1.929950,1.542534,-2.428132=|2.055133,2.360066,1.485420=2.068065,-1.555472,2.302949=1.942882,-2.373000,-1.610601=1.929950,1.542534,-2.428132=|-1.929950,-1.542534,2.428132=-1.942882,2.373000,1.610601=-2.068065,1.555472,-2.302949=-2.055133,-2.360066,-1.485420=|
2.269351,1.940740,-1.755994=-1.689722,1.931744,-2.326621=-2.260349,2.057271,1.630464=1.698725,2.066271,2.201094=|1.698725,2.066271,2.201094=-2.260349,2.057271,1.630464=-2.269351,-1.940740,1.755994=1.689722,-1.931744,2.326621=|1.689722,-1.931744,2.326621=-2.269351,-1.940740,1.755994=-1.698725,-2.066271,-2.201094=2.260349,-2.057271,-1.630464=|2.260349,-2.057271,-1.630464=-1.698725,-2.066271,-2.201094=-1.689722,1.931744,-2.326621=2.269351,1.940740,-1.755994=|1.698725,2.066271,2.201094=1.689722,-1.931744,2.326621=2.260349,-2.057271,-1.630464=2.269351,1.940740,-1.755994=|-2.269351,-1.940740,1.755994=-2.260349,2.057271,1.630464=-1.689722,1.931744,-2.326621=-1.698725,-2.066271,-2.201094=|
2.476647,2.216181,-0.977089=-1.324425,2.306410,-2.219534=-2.566869,1.742889,1.540608=1.234203,1.652664,2.783056=|1.234203,1.652664,2.783056=-2.566869,1.742889,1.540608=-2.476647,-2.216181,0.977089=1.324425,-2.306410,2.219534=|1.324425,-2.306410,2.219534=-2.476647,-2.216181,0.977089=-1.234203,-1.652664,-2.783056=2.566869,-1.742889,-1.540608=|2.566869,-1.742889,-1.540608=-1.234203,-1.652664,-2.783056=-1.324425,2.306410,-2.219534=2.476647,2.216181,-0.977089=|1.234203,1.652664,2.783056=1.324425,-2.306410,2.219534=2.566869,-1.742889,-1.540608=2.476647,2.216181,-0.977089=|-2.476647,-2.216181,0.977089=-2.566869,1.742889,1.540608=-1.324425,2.306410,-2.219534=-1.234203,-1.652664,-2.783056=|
2.539287,2.352182,-0.138572=-0.994288,2.656788,-1.988171=-2.843887,1.448887,1.346472=0.689688,1.144284,3.196076=|0.689688,1.144284,3.196076=-2.843887,1.448887,1.346472=-2.539287,-2.352182,0.138572=0.994288,-2.656788,1.988171=|0.994288,-2.656788,1.988171=-2.539287,-2.352182,0.138572=-0.689688,-1.144284,-3.196076=2.843887,-1.448887,-1.346472=|2.843887,-1.448887,-1.346472=-0.689688,-1.144284,-3.196076=-0.994288,2.656788,-1.988171=2.539287,2.352182,-0.138572=|0.689688,1.144284,3.196076=0.994288,-2.656788,1.988171=2.843887,-1.448887,-1.346472=2.539287,2.352182,-0.138572=|-2.539287,-2.352182,0.138572=-2.843887,1.448887,1.346472=-0.994288,2.656788,-1.988171=-0.689688,-1.144284,-3.196076=|
2.453480,2.340510,0.708796=-0.719297,2.961668,-1.646539=-3.074632,1.193063,1.059809=0.098145,0.571907,3.415149=|0.098145,0.571907,3.415149=-3.074632,1.193063,1.059809=-2.453480,-2.340510,-0.708796=0.719297,-2.961668,1.646539=|0.719297,-2.961668,1.646539=-2.453480,-2.340510,-0.708796=-0.098145,-0.571907,-3.415149=3.074632,-1.193063,-1.059809=|3.074632,-1.193063,-1.059809=-0.098145,-0.571907,-3.415149=-0.719297,2.961668,-1.646539=2.453480,2.340510,0.708796=|0.098145,0.571907,3.415149=0.719297,-2.961668,1.646539=3.074632,-1.193063,-1.059809=2.453480,2.340510,0.708796=|-2.453480,-2.340510,-0.708796=-3.074632,1.193063,1.059809=-0.719297,2.961668,-1.646539=-0.098145,-0.571907,-3.415149=|
2.224420,2.181871,1.513716=-0.516100,3.202592,-1.215319=-3.245134,0.990904,0.697973=-0.504616,-0.029816,3.427014=|-0.504616,-0.029816,3.427014=-3.245134,0.990904,0.697973=-2.224420,-2.181871,-1.513716=0.516100,-3.202592,1.215319=|0.516100,-3.202592,1.215319=-2.224420,-2.181871,-1.513716=0.504616,0.029816,-3.427014=3.245134,-0.990904,-0.697973=|3.245134,-0.990904,-0.697973=0.504616,0.029816,-3.427014=-0.516100,3.202592,-1.215319=2.224420,2.181871,1.513716=|-0.504616,-0.029816,3.427014=0.516100,-3.202592,1.215319=3.245134,-0.990904,-0.697973=2.224420,2.181871,1.513716=|-2.224420,-2.181871,-1.513716=-3.245134,0.990904,0.697973=-0.516100,3.202592,-1.215319=0.504616,0.029816,-3.427014=|
1.865974,1.885869,2.227460=-0.396997,3.364975,-0.720617=-3.345073,0.854648,0.282869=-1.082105,-0.624458,3.230952=|-1.082105,-0.624458,3.230952=-3.345073,0.854648,0.282869=-1.865974,-1.885869,-2.227460=0.396997,-3.364975,0.720617=|0.396997,-3.364975,0.720617=-1.865974,-1.885869,-2.227460=1.082105,0.624458,-3.230952=3.345073,-0.854648,-0.282869=|3.345073,-0.854648,-0.282869=1.082105,0.624458,-3.230952=-0.396997,3.364975,-0.720617=1.865974,1.885869,2.227460=|-1.082105,-0.624458,3.230952=0.396997,-3.364975,0.720617=3.345073,-0.854648,-0.282869=1.865974,1.885869,2.227460=|-1.865974,-1.885869,-2.227460=-3.345073,0.854648,0.282869=-0.396997,3.364975,-0.720617=1.082105,0.624458,-3.230952=|
1.399842,1.470424,2.806819=-0.369199,3.438987,-0.192381=-3.368398,0.792544,-0.160373=-1.599361,-1.176020,2.838833=|-1.599361,-1.176020,2.838833=-3.368398,0.792544,-0.160373=-1.399842,-1.470424,-2.806819=0.369199,-3.438987,0.192381=|0.369199,-3.438987,0.192381=-1.399842,-1.470424,-2.806819=1.599361,1.176020,-2.838833=3.368398,-0.792544,0.160373=|3.368398,-0.792544,0.160373=1.599361,1.176020,-2.838833=-0.369199,3.438987,-0.192381=1.399842,1.470424,2.806819=|-1.599361,-1.176020,2.838833=0.369199,-3.438987,0.192381=3.368398,-0.792544,0.160373=1.399842,1.470424,2.806819=|-1.399842,-1.470424,-2.806819=-3.368398,0.792544,-0.160373=-0.369199,3.438987,-0.192381=1.599361,1.176020,-2.838833=|
0.854242,0.960686,3.216721=-0.434389,3.420147,0.337411=-3.313697,0.808352,-0.604920=-2.025071,-1.651112,2.274395=|-2.025071,-1.651112,2.274395=-3.313697,0.808352,-0.604920=-0.854242,-0.960686,-3.216721=0.434389,-3.420147,-0.337411=|0.434389,-3.420147,-0.337411=-0.854242,-0.960686,-3.216721=2.025071,1.651112,-2.274395=3.313697,-0.808352,0.604920=|3.313697,-0.808352,0.604920=2.025071,1.651112,-2.274395=-0.434389,3.420147,0.337411=0.854242,0.960686,3.216721=|-2.025071,-1.651112,2.274395=0.434389,-3.420147,-0.337411=3.313697,-0.808352,0.604920=0.854242,0.960686,3.216721=|-0.854242,-0.960686,-3.216721=-3.313697,0.808352,-0.604920=-0.434389,3.420147,0.337411=2.025071,1.651112,-2.274395=|
0.262204,0.387513,3.432349=-0.588620,3.309596,0.836686=-3.184282,0.901115,-1.023861=-2.333463,-2.020972,1.571807=|-2.333463,-2.020972,1.571807=-3.184282,0.901115,-1.023861=-0.262204,-0.387513,-3.432349=0.588620,-3.309596,-0.836686=|0.588620,-3.309596,-0.836686=-0.262204,-0.387513,-3.432349=2.333463,2.020972,-1.571807=3.184282,-0.901115,1.023861=|3.184282,-0.901115,1.023861=2.333463,2.020972,-1.571807=-0.588620,3.309596,0.836686=0.262204,0.387513,3.432349=|-2.333463,-2.020972,1.571807=0.588620,-3.309596,-0.836686=3.184282,-0.901115,1.023861=0.262204,0.387513,3.432349=|-0.262204,-0.387513,-3.432349=-3.184282,0.901115,-1.023861=-0.588620,3.309596,0.836686=2.333463,2.020972,-1.571807=|
-0.340431,-0.214395,3.440651=-0.822556,3.114027,1.275218=-2.987987,1.065217,-1.391833=-2.505867,-2.263210,0.773603=|-2.505867,-2.263210,0.773603=-2.987987,1.065217,-1.391833=0.340431,0.214395,-3.440651=0.822556,-3.114027,-1.275218=|0.822556,-3.114027,-1.275218=0.340431,0.214395,-3.440651=2.505867,2.263210,-0.773603=2.987987,-1.065217,1.391833=|2.987987,-1.065217,1.391833=2.505867,2.263210,-0.773603=-0.822556,3.114027,1.275218=-0.340431,-0.214395,3.440651=|-2.505867,-2.263210,0.773603=0.822556,-3.114027,-1.275218=2.987987,-1.065217,1.391833=-0.340431,-0.214395,3.440651=|0.340431,0.214395,-3.440651=-2.987987,1.065217,-1.391833=-0.822556,3.114027,1.275218=2.505867,2.263210,-0.773603=|
-0.917180,-0.808601,3.241123=-1.122034,2.845279,1.626460=-2.736695,1.290723,-1.686560=-2.531847,-2.363162,-0.071895=|-2.531847,-2.363162,-0.071895=-2.736695,1.290723,-1.686560=0.917180,0.808601,-3.241123=1.122034,-2.845279,-1.626460=|1.122034,-2.845279,-1.626460=0.917180,0.808601,-3.241123=2.531847,2.363162,0.071895=2.736695,-1.290723,1.686560=|2.736695,-1.290723,1.686560=2.531847,2.363162,0.071895=-1.122034,2.845279,1.626460=-0.917180,-0.808601,3.241123=|-2.531847,-2.363162,-0.071895=1.122034,-2.845279,-1.626460=2.736695,-1.290723,1.686560=-0.917180,-0.808601,3.241123=|0.917180,0.808601,-3.241123=-2.736695,1.290723,-1.686560=-1.122034,2.845279,1.626460=2.531847,2.363162,0.071895=|
-1.433128,-1.359132,2.845845=-1.468924,2.519621,1.869148=-2.445620,1.563982,-1.890199=-2.409830,-2.314776,-0.913502=|-2.409830,-2.314776,-0.913502=-2.445620,1.563982,-1.890199=1.433128,1.359132,-2.845845=1.468924,-2.519621,-1.869148=|1.468924,-2.519621,-1.869148=1.433128,1.359132,-2.845845=2.409830,2.314776,0.913502=2.445620,-1.563982,1.890199=|2.445620,-1.563982,1.890199=2.409830,2.314776,0.913502=-1.468924,2.519621,1.869148=-1.433128,-1.359132,2.845845=|-2.409830,-2.314776,-0.913502=1.468924,-2.519621,-1.869148=2.445620,-1.563982,1.890199=-1.433128,-1.359132,2.845845=|1.433128,1.359132,-2.845845=-2.445620,1.563982,-1.890199=-1.468924,2.519621,1.869148=2.409830,2.314776,0.913502=|
-1.857041,-1.832659,2.278747=-1.842227,2.156768,1.988591=-2.132382,1.868451,-1.990423=-2.147202,-2.120981,-1.700269=|-2.147202,-2.120981,-1.700269=-2.132382,1.868451,-1.990423=1.857041,1.832659,-2.278747=1.842227,-2.156768,-1.988591=|1.842227,-2.156768,-1.988591=1.857041,1.832659,-2.278747=2.147202,2.120981,1.700269=2.132382,-1.868451,1.990423=|2.132382,-1.868451,1.990423=2.147202,2.120981,1.700269=-1.842227,2.156768,1.988591=-1.857041,-1.832659,2.278747=|-2.147202,-2.120981,-1.700269=1.842227,-2.156768,-1.988591=2.132382,-1.868451,1.990423=-1.857041,-1.832659,2.278747=|1.857041,1.832659,-2.278747=-2.132382,1.868451,-1.990423=-1.842227,2.156768,1.988591=2.147202,2.120981,1.700269=|
-2.163256,-2.200517,1.574159=-2.219343,1.778687,1.977557=-1.815944,2.185698,-1.981165=-1.759863,-1.793510,-2.384566=|-1.759863,-1.793510,-2.384566=-1.815944,2.185698,-1.981165=2.163256,2.200517,-1.574159=2.219343,-1.778687,-1.977557=|2.219343,-1.778687,-1.977557=2.163256,2.200517,-1.574159=1.759863,1.793510,2.384566=1.815944,-2.185698,1.981165=|1.815944,-2.185698,1.981165=1.759863,1.793510,2.384566=-2.219343,1.778687,1.977557=-2.163256,-2.200517,1.574159=|-1.759863,-1.793510,-2.384566=2.219343,-1.778687,-1.977557=1.815944,-2.185698,1.981165=-2.163256,-2.200517,1.574159=|2.163256,2.200517,-1.574159=-1.815944,2.185698,-1.981165=-2.219343,1.778687,1.977557=1.759863,1.793510,2.384566=|
-2.333235,-2.440436,0.774736=-2.577442,1.408266,1.836715=-1.515463,2.496518,-1.862985=-1.271261,-1.352187,-2.924968=|-1.271261,-1.352187,-2.924968=-1.515463,2.496518,-1.862985=2.333235,2.440436,-0.774736=2.577442,-1.408266,-1.836715=|2.577442,-1.408266,-1.836715=2.333235,2.440436,-0.774736=1.271261,1.352187,2.924968=1.515463,-2.496518,1.862985=|1.515463,-2.496518,1.862985=1.271261,1.352187,2.924968=-2.577442,1.408266,1.836715=-2.333235,-2.440436,0.774736=|-1.271261,-1.352187,-2.924968=2.577442,-1.408266,-1.836715=1.515463,-2.496518,1.862985=-2.333235,-2.440436,0.774736=|2.333235,2.440436,-0.774736=-1.515463,2.496518,-1.862985=-2.577442,1.408266,1.836715=1.271261,1.352187,2.924968=|
-2.356687,-2.537892,-0.071126=-2.894846,1.067929,1.574591=-1.249130,2.782094,-1.643037=-0.710975,-0.823729,-3.288759=|-0.710975,-0.823729,-3.288759=-1.249130,2.782094,-1.643037=2.356687,2.537892,0.071126=2.894846,-1.067929,-1.574591=|2.894846,-1.067929,-1.574591=2.356687,2.537892,0.071126=0.710975,0.823729,3.288759=1.249130,-2.782094,1.643037=|1.249130,-2.782094,1.643037=0.710975,0.823729,3.288759=-2.894846,1.067929,1.574591=-2.356687,-2.537892,-0.071126=|-0.710975,-0.823729,-3.288759=2.894846,-1.067929,-1.574591=1.249130,-2.782094,1.643037=-2.356687,-2.537892,-0.071126=|2.356687,2.537892,0.071126=-1.249130,2.782094,-1.643037=-2.894846,1.067929,1.574591=0.710975,0.823729,3.288759=|
-2.232194,-2.486985,-0.912221=-3.152340,0.778280,1.207053=-1.033067,3.025138,-1.334636=-0.112924,-0.240128,-3.453916=|-0.112924,-0.240128,-3.453916=-1.033067,3.025138,-1.334636=2.232194,2.486985,0.912221=3.152340,-0.778280,-1.207053=|3.152340,-0.778280,-1.207053=2.232194,2.486985,0.912221=0.112924,0.240128,3.453916=1.033067,-3.025138,1.334636=|1.033067,-3.025138,1.334636=0.112924,0.240128,3.453916=-3.152340,0.778280,1.207053=-2.232194,-2.486985,-0.912221=|-0.112924,-0.240128,-3.453916=3.152340,-0.778280,-1.207053=1.033067,-3.025138,1.334636=-2.232194,-2.486985,-0.912221=|2.232194,2.486985,0.912221=-1.033067,3.025138,-1.334636=-3.152340,0.778280,1.207053=0.112924,0.240128,3.453916=|
-1.967291,-2.290797,-1.697630=-3.334335,0.556854,0.756351=-0.880355,3.210936,-0.956453=0.486687,0.363286,-3.410441=|0.486687,0.363286,-3.410441=-0.880355,3.210936,-0.956453=1.967291,2.290797,1.697630=3.334335,-0.556854,-0.756351=|3.334335,-0.556854,-0.756351=1.967291,2.290797,1.697630=-0.486687,-0.363286,3.410441=0.880355,-3.210936,0.956453=|0.880355,-3.210936,0.956453=-0.486687,-0.363286,3.410441=-3.334335,0.556854,0.756351=-1.967291,-2.290797,-1.697630=|0.486687,0.363286,-3.410441=3.334335,-0.556854,-0.756351=0.880355,-3.210936,0.956453=-1.967291,-2.290797,-1.697630=|1.967291,2.290797,1.697630=-0.880355,3.210936,-0.956453=-3.334335,0.556854,0.756351=-0.486687,-0.363286,3.410441=|
-1.578016,-1.961204,-2.379806=-3.429814,0.417055,0.249771=-0.800239,3.328241,-0.531382=1.051558,0.949984,-3.160966=|1.051558,0.949984,-3.160966=-0.800239,3.328241,-0.531382=1.578016,1.961204,2.379806=3.429814,-0.417055,-0.249771=|3.429814,-0.417055,-0.249771=1.578016,1.961204,2.379806=-1.051558,-0.949984,3.160966=0.800239,-3.328241,0.531382=|0.800239,-3.328241,0.531382=-1.051558,-0.949984,3.160966=-3.429814,0.417055,0.249771=-1.578016,-1.961204,-2.379806=|1.051558,0.949984,-3.160966=3.429814,-0.417055,-0.249771=0.800239,-3.328241,0.531382=-1.578016,-1.961204,-2.379806=|1.578016,1.961204,2.379806=-0.800239,3.328241,-0.531382=-3.429814,0.417055,0.249771=-1.051558,-0.949984,3.160966=|
-1.087934,-1.518160,-2.917451=-3.432997,0.367347,-0.282021=-0.797569,3.369951,-0.085156=1.547494,1.484447,-2.720593=|1.547494,1.484447,-2.720593=-0.797569,3.369951,-0.085156=1.087934,1.518160,2.917451=3.432997,-0.367347,0.282021=|3.432997,-0.367347,0.282021=1.087934,1.518160,2.917451=-1.547494,-1.484447,2.720593=0.797569,-3.369951,0.085156=|0.797569,-3.369951,0.085156=-1.547494,-1.484447,2.720593=-3.432997,0.367347,-0.282021=-1.087934,-1.518160,-2.917451=|1.547494,1.484447,-2.720593=3.432997,-0.367347,0.282021=0.797569,-3.369951,0.085156=-1.087934,-1.518160,-2.917451=|1.087934,1.518160,2.917451=-0.797569,3.369951,-0.085156=-3.432997,0.367347,-0.282021=-1.547494,-1.484447,2.720593=|
-0.526714,-0.988486,-3.278017=-3.343690,0.410739,-0.806831=-0.872506,3.333541,0.355211=1.944471,1.934321,-2.115982=|1.944471,1.934321,-2.115982=-0.872506,3.333541,0.355211=0.526714,0.988486,3.278017=3.343690,-0.410739,0.806831=|3.343690,-0.410739,0.806831=0.526714,0.988486,3.278017=-1.944471,-1.934321,2.115982=0.872506,-3.333541,-0.355211=|0.872506,-3.333541,-0.355211=-1.944471,-1.934321,2.115982=-3.343690,0.410739,-0.806831=-0.526714,-0.988486,-3.278017=|1.944471,1.934321,-2.115982=3.343690,-0.410739,0.806831=0.872506,-3.333541,-0.355211=-0.526714,-0.988486,-3.278017=|0.526714,0.988486,3.278017=-0.872506,3.333541,0.355211=-3.343690,0.410739,-0.806831=-1.944471,-1.934321,2.115982=|
0.071668,-0.404247,-3.439676=-3.167301,0.544604,-1.292887=-1.020514,3.221215,0.763060=2.218457,2.272371,-1.383735=|2.218457,2.272371,-1.383735=-1.020514,3.221215,0.763060=-0.071668,0.404247,3.439676=3.167301,-0.544604,1.292887=|3.167301,-0.544604,1.292887=-0.071668,0.404247,3.439676=-2.218457,-2.272371,1.383735=1.020514,-3.221215,-0.763060=|1.020514,-3.221215,-0.763060=-2.218457,-2.272371,1.383735=-3.167301,0.544604,-1.292887=0.071668,-0.404247,-3.439676=|2.218457,2.272371,-1.383735=3.167301,-0.544604,1.292887=1.020514,-3.221215,-0.763060=0.071668,-0.404247,-3.439676=|-0.071668,0.404247,3.439676=-1.020514,3.221215,0.763060=-3.167301,0.544604,-1.292887=-2.218457,-2.272371,1.383735=|
0.670988,0.199188,-3.392642=-2.914507,0.760838,-1.710765=-1.232633,3.039773,1.113701=2.352866,2.478132,-0.568181=|2.352866,2.478132,-0.568181=-1.232633,3.039773,1.113701=-0.670988,-0.199188,3.392642=2.914507,-0.760838,1.710765=|2.914507,-0.760838,1.710765=-0.670988,-0.199188,3.392642=-2.352866,-2.478132,0.568181=1.232633,-3.039773,-1.113701=|1.232633,-3.039773,-1.113701=-2.352866,-2.478132,0.568181=-2.914507,0.760838,-1.710765=0.670988,0.199188,-3.392642=|2.352866,2.478132,-0.568181=2.914507,-0.760838,1.710765=1.232633,-3.039773,-1.113701=0.670988,0.199188,-3.392642=|-0.670988,-0.199188,3.392642=-1.232633,3.039773,1.113701=-2.914507,0.760838,-1.710765=-2.352866,-2.478132,0.568181=|
1.234964,0.785288,-3.139762=-2.600613,1.046350,-2.035167=-1.496021,2.800200,1.385906=2.339561,2.539147,0.281308=|2.339561,2.539147,0.281308=-1.496021,2.800200,1.385906=-1.234964,-0.785288,3.139762=2.600613,-1.046350,2.035167=|2.600613,-1.046350,2.035167=-1.234964,-0.785288,3.139762=-2.339561,-2.539147,-0.281308=1.496021,-2.800200,-1.385906=|1.496021,-2.800200,-1.385906=-2.339561,-2.539147,-0.281308=-2.600613,1.046350,-2.035167=1.234964,0.785288,-3.139762=|2.339561,2.539147,0.281308=2.600613,-1.046350,2.035167=1.496021,-2.800200,-1.385906=1.234964,0.785288,-3.139762=|-1.234964,-0.785288,3.139762=-1.496021,2.800200,1.385906=-2.600613,1.046350,-2.035167=-2.339561,-2.539147,-0.281308=|
1.729454,1.318572,-2.696345=-2.244621,1.383857,-2.246454=-1.794733,2.516999,1.563197=2.179347,2.451723,1.113306=|2.179347,2.451723,1.113306=-1.794733,2.516999,1.563197=-1.729454,-1.318572,2.696345=2.244621,-1.383857,2.246454=|2.244621,-1.383857,2.246454=-1.729454,-1.318572,2.696345=-2.179347,-2.451723,-1.113306=1.794733,-2.516999,-1.563197=|1.794733,-2.516999,-1.563197=-2.179347,-2.451723,-1.113306=-2.244621,1.383857,-2.246454=1.729454,1.318572,-2.696345=|2.179347,2.451723,1.113306=2.244621,-1.383857,2.246454=1.794733,-2.516999,-1.563197=1.729454,1.318572,-2.696345=|-1.729454,-1.318572,2.696345=-1.794733,2.516999,1.563197=-2.244621,1.383857,-2.246454=-2.179347,-2.451723,-1.113306=|
2.124522,1.766755,-2.089234=-1.868082,1.752926,-2.331836=-2.110686,2.207314,1.634841=1.881923,2.221152,1.877445=|1.881923,2.221152,1.877445=-2.110686,2.207314,1.634841=-2.124522,-1.766755,2.089234=1.868082,-1.752926,2.331836=|1.868082,-1.752926,2.331836=-2.124522,-1.766755,2.089234=-1.881923,-2.221152,-1.877445=2.110686,-2.207314,-1.634841=|2.110686,-2.207314,-1.634841=-1.881923,-2.221152,-1.877445=-1.868082,1.752926,-2.331836=2.124522,1.766755,-2.089234=|1.881923,2.221152,1.877445=1.868082,-1.752926,2.331836=2.110686,-2.207314,-1.634841=2.124522,1.766755,-2.089234=|-2.124522,-1.766755,2.089234=-2.110686,2.207314,1.634841=-1.868082,1.752926,-2.331836=-1.881923,-2.221152,-1.877445=|
2.396251,2.102706,-1.355184=-1.493791,2.131214,-2.286144=-2.424753,1.889893,1.596501=1.465294,1.861393,2.527465=|1.465294,1.861393,2.527465=-2.424753,1.889893,1.596501=-2.396251,-2.102706,1.355184=1.493791,-2.131214,2.286144=|1.493791,-2.131214,2.286144=-2.396251,-2.102706,1.355184=-1.465294,-1.861393,-2.527465=2.424753,-1.889893,-1.596501=|2.424753,-1.889893,-1.596501=-1.465294,-1.861393,-2.527465=-1.493791,2.131214,-2.286144=2.396251,2.102706,-1.355184=|1.465294,1.861393,2.527465=1.493791,-2.131214,2.286144=2.424753,-1.889893,-1.596501=2.396251,2.102706,-1.355184=|-2.396251,-2.102706,1.355184=-2.424753,1.889893,1.596501=-1.493791,2.131214,-2.286144=-1.465294,-1.861393,-2.527465=|
2.528192,2.306086,-0.538632=-1.144407,2.495821,-2.112143=-2.717920,1.583952,1.450497=0.954683,1.394224,3.024015=|0.954683,1.394224,3.024015=-2.717920,1.583952,1.450497=-2.528192,-2.306086,0.538632=1.144407,-2.495821,2.112143=|1.144407,-2.495821,2.112143=-2.528192,-2.306086,0.538632=-0.954683,-1.394224,-3.024015=2.717920,-1.583952,-1.450497=|2.717920,-1.583952,-1.450497=-0.954683,-1.394224,-3.024015=-1.144407,2.495821,-2.112143=2.528192,2.306086,-0.538632=|0.954683,1.394224,3.024015=1.144407,-2.495821,2.112143=2.717920,-1.583952,-1.450497=2.528192,2.306086,-0.538632=|-2.528192,-2.306086,0.538632=-2.717920,1.583952,1.450497=-1.144407,2.495821,-2.112143=-0.954683,-1.394224,-3.024015=|
2.512357,2.364584,0.310990=-0.841081,2.824674,-1.820368=-2.972440,1.308012,1.205669=0.381001,0.847928,3.337035=|0.381001,0.847928,3.337035=-2.972440,1.308012,1.205669=-2.512357,-2.364584,-0.310990=0.841081,-2.824674,1.820368=|0.841081,-2.824674,1.820368=-2.512357,-2.364584,-0.310990=-0.381001,-0.847928,-3.337035=2.972440,-1.308012,-1.205669=|2.972440,-1.308012,-1.205669=-0.381001,-0.847928,-3.337035=-0.841081,2.824674,-1.820368=2.512357,2.364584,0.310990=|0.381001,0.847928,3.337035=0.841081,-2.824674,1.820368=2.972440,-1.308012,-1.205669=2.512357,2.364584,0.310990=|-2.512357,-2.364584,-0.310990=-2.972440,1.308012,1.205669=-0.841081,2.824674,-1.820368=-0.381001,-0.847928,-3.337035=|
2.349705,2.274658,1.142246=-0.602176,3.097864,-1.428482=-3.172905,1.078778,0.876838=-0.221022,0.255576,3.447575=|-0.221022,0.255576,3.447575=-3.172905,1.078778,0.876838=-2.349705,-2.274658,-1.142246=0.602176,-3.097864,1.428482=|0.602176,-3.097864,1.428482=-2.349705,-2.274658,-1.142246=0.221022,-0.255576,-3.447575=3.172905,-1.078778,-0.876838=|3.172905,-1.078778,-0.876838=0.221022,-0.255576,-3.447575=-0.602176,3.097864,-1.428482=2.349705,2.274658,1.142246=|-0.221022,0.255576,3.447575=0.602176,-3.097864,1.428482=3.172905,-1.078778,-0.876838=2.349705,2.274658,1.142246=|-2.349705,-2.274658,-1.142246=-3.172905,1.078778,0.876838=-0.602176,3.097864,-1.428482=0.221022,-0.255576,-3.447575=|
2.050083,2.041752,1.904814=-0.442155,3.298854,-0.960209=-3.307178,0.910128,0.483911=-0.814941,-0.346972,3.348944=|-0.814941,-0.346972,3.348944=-3.307178,0.910128,0.483911=-2.050083,-2.041752,-1.904814=0.442155,-3.298854,0.960209=|0.442155,-3.298854,0.960209=-2.050083,-2.041752,-1.904814=0.814941,0.346972,-3.348944=3.307178,-0.910128,-0.483911=|3.307178,-0.910128,-0.483911=0.814941,0.346972,-3.348944=-0.442155,3.298854,-0.960209=2.050083,2.041752,1.904814=|-0.814941,-0.346972,3.348944=0.442155,-3.298854,0.960209=3.307178,-0.910128,-0.483911=2.050083,2.041752,1.904814=|-2.050083,-2.041752,-1.904814=-3.307178,0.910128,0.483911=-0.442155,3.298854,-0.960209=0.814941,0.346972,-3.348944=|
1.631629,1.679966,2.552530=-0.370705,3.415476,-0.443897=-3.367132,0.812271,0.050675=-1.364801,-0.923239,3.047112=|-1.364801,-0.923239,3.047112=-3.367132,0.812271,0.050675=-1.631629,-1.679966,-2.552530=0.370705,-3.415476,0.443897=|0.370705,-3.415476,0.443897=-1.631629,-1.679966,-2.552530=1.364801,0.923239,-3.047112=3.367132,-0.812271,-0.050675=|3.367132,-0.812271,-0.050675=1.364801,0.923239,-3.047112=-0.370705,3.415476,-0.443897=1.631629,1.679966,2.552530=|-1.364801,-0.923239,3.047112=0.370705,-3.415476,0.443897=3.367132,-0.812271,-0.050675=1.631629,1.679966,2.552530=|-1.631629,-1.679966,-2.552530=-3.367132,0.812271,0.050675=-0.370705,3.415476,-0.443897=1.364801,0.923239,-3.047112=|
1.119675,1.211201,3.046182=-0.392151,3.440669,0.089197=-3.349137,0.791131,-0.396643=-1.837314,-1.438338,2.560352=|-1.837314,-1.438338,2.560352=-3.349137,0.791131,-0.396643=-1.119675,-1.211201,-3.046182=0.392151,-3.440669,-0.089197=|0.392151,-3.440669,-0.089197=-1.119675,-1.211201,-3.046182=1.837314,1.438338,-2.560352=3.349137,-0.791131,0.396643=|3.349137,-0.791131,0.396643=1.837314,1.438338,-2.560352=-0.392151,3.440669,0.089197=1.119675,1.211201,3.046182=|-1.837314,-1.438338,2.560352=0.392151,-3.440669,-0.089197=3.349137,-0.791131,0.396643=1.119675,1.211201,3.046182=|-1.119675,-1.211201,-3.046182=-3.349137,0.791131,-0.396643=-0.392151,3.440669,0.089197=1.837314,1.438338,-2.560352=|
0.545215,0.663836,3.355885=-0.505196,3.372909,0.606800=-3.254282,0.847988,-0.830963=-2.203876,-1.861087,1.918132=|-2.203876,-1.861087,1.918132=-3.254282,0.847988,-0.830963=-0.545215,-0.663836,-3.355885=0.505196,-3.372909,-0.606800=|0.505196,-3.372909,-0.606800=-0.545215,-0.663836,-3.355885=2.203876,1.861087,-1.918132=3.254282,-0.847988,0.830963=|3.254282,-0.847988,0.830963=2.203876,1.861087,-1.918132=-0.505196,3.372909,0.606800=0.545215,0.663836,3.355885=|-2.203876,-1.861087,1.918132=0.505196,-3.372909,-0.606800=3.254282,-0.847988,0.830963=0.545215,0.663836,3.355885=|-0.545215,-0.663836,-3.355885=-3.254282,0.847988,-0.830963=-0.505196,3.372909,0.606800=2.203876,1.861087,-1.918132=|
-0.056975,0.071007,3.462891=-0.702995,3.216297,1.077578=-3.088309,0.979400,-1.225992=-2.442295,-2.165893,1.159329=|-2.442295,-2.165893,1.159329=-3.088309,0.979400,-1.225992=0.056975,-0.071007,-3.462891=0.702995,-3.216297,-1.077578=|0.702995,-3.216297,-1.077578=0.056975,-0.071007,-3.462891=2.442295,2.165893,-1.159329=3.088309,-0.979400,1.225992=|3.088309,-0.979400,1.225992=2.442295,2.165893,-1.159329=-0.702995,3.216297,1.077578=-0.056975,0.071007,3.462891=|-2.442295,-2.165893,1.159329=0.702995,-3.216297,-1.077578=3.088309,-0.979400,1.225992=-0.056975,0.071007,3.462891=|0.056975,-0.071007,-3.462891=-3.088309,0.979400,-1.225992=-0.702995,3.216297,1.077578=2.442295,2.165893,-1.159329=|
-0.650440,-0.531397,3.360721=-0.973575,2.980314,1.473030=-2.861266,1.177412,-1.557816=-2.538138,-2.334304,0.329881=|-2.538138,-2.334304,0.329881=-2.861266,1.177412,-1.557816=0.650440,0.531397,-3.360721=0.973575,-2.980314,-1.473030=|0.973575,-2.980314,-1.473030=0.650440,0.531397,-3.360721=2.538138,2.334304,-0.329881=2.861266,-1.177412,1.557816=|2.861266,-1.177412,1.557816=2.538138,2.334304,-0.329881=-0.973575,2.980314,1.473030=-0.650440,-0.531397,3.360721=|-2.538138,-2.334304,0.329881=0.973575,-2.980314,-1.473030=2.861266,-1.177412,1.557816=-0.650440,-0.531397,3.360721=|0.650440,0.531397,-3.360721=-2.861266,1.177412,-1.557816=-0.973575,2.980314,1.473030=2.538138,2.334304,-0.329881=|
-1.199252,-1.106907,3.055561=-1.300555,2.679247,1.769217=-2.586898,1.430036,-1.806346=-2.485603,-2.356124,-0.519999=|-2.485603,-2.356124,-0.519999=-2.586898,1.430036,-1.806346=1.199252,1.106907,-3.055561=1.300555,-2.679247,-1.769217=|1.300555,-2.679247,-1.769217=1.199252,1.106907,-3.055561=2.485603,2.356124,0.519999=2.586898,-1.430036,1.806346=|2.586898,-1.430036,1.806346=2.485603,2.356124,0.519999=-1.300555,2.679247,1.769217=-1.199252,-1.106907,3.055561=|-2.485603,-2.356124,-0.519999=1.300555,-2.679247,-1.769217=2.586898,-1.430036,1.806346=-1.199252,-1.106907,3.055561=|1.199252,1.106907,-3.055561=-2.586898,1.430036,-1.806346=-1.300555,2.679247,1.769217=2.485603,2.356124,0.519999=|
